Language,Classifier,Vocabulary,Sample Length,Iterations,Correct,Incorrect
en,Elixir.Text.Language.Classifier.NaiveBayesian,Elixir.Text.Vocabulary.Udhr.Quadgram,50,1000,956,44
en,Elixir.Text.Language.Classifier.NaiveBayesian,Elixir.Text.Vocabulary.Udhr.Quadgram,100,1000,988,12
en,Elixir.Text.Language.Classifier.NaiveBayesian,Elixir.Text.Vocabulary.Udhr.Quadgram,150,1000,993,7
en,Elixir.Text.Language.Classifier.NaiveBayesian,Elixir.Text.Vocabulary.Udhr.Quadgram,300,1000,1000,0
fr,Elixir.Text.Language.Classifier.NaiveBayesian,Elixir.Text.Vocabulary.Udhr.Quadgram,50,1000,973,27
fr,Elixir.Text.Language.Classifier.NaiveBayesian,Elixir.Text.Vocabulary.Udhr.Quadgram,100,1000,1000,0
fr,Elixir.Text.Language.Classifier.NaiveBayesian,Elixir.Text.Vocabulary.Udhr.Quadgram,150,1000,1000,0
fr,Elixir.Text.Language.Classifier.NaiveBayesian,Elixir.Text.Vocabulary.Udhr.Quadgram,300,1000,1000,0
de-1996,Elixir.Text.Language.Classifier.NaiveBayesian,Elixir.Text.Vocabulary.Udhr.Quadgram,50,1000,272,728
de-1996,Elixir.Text.Language.Classifier.NaiveBayesian,Elixir.Text.Vocabulary.Udhr.Quadgram,100,1000,423,577
de-1996,Elixir.Text.Language.Classifier.NaiveBayesian,Elixir.Text.Vocabulary.Udhr.Quadgram,150,1000,514,486
de-1996,Elixir.Text.Language.Classifier.NaiveBayesian,Elixir.Text.Vocabulary.Udhr.Quadgram,300,1000,569,431
it,Elixir.Text.Language.Classifier.NaiveBayesian,Elixir.Text.Vocabulary.Udhr.Quadgram,50,1000,932,68
it,Elixir.Text.Language.Classifier.NaiveBayesian,Elixir.Text.Vocabulary.Udhr.Quadgram,100,1000,994,6
it,Elixir.Text.Language.Classifier.NaiveBayesian,Elixir.Text.Vocabulary.Udhr.Quadgram,150,1000,1000,0
it,Elixir.Text.Language.Classifier.NaiveBayesian,Elixir.Text.Vocabulary.Udhr.Quadgram,300,1000,1000,0
es,Elixir.Text.Language.Classifier.NaiveBayesian,Elixir.Text.Vocabulary.Udhr.Quadgram,50,1000,833,167
es,Elixir.Text.Language.Classifier.NaiveBayesian,Elixir.Text.Vocabulary.Udhr.Quadgram,100,1000,980,20
es,Elixir.Text.Language.Classifier.NaiveBayesian,Elixir.Text.Vocabulary.Udhr.Quadgram,150,1000,998,2
es,Elixir.Text.Language.Classifier.NaiveBayesian,Elixir.Text.Vocabulary.Udhr.Quadgram,300,1000,1000,0
fi,Elixir.Text.Language.Classifier.NaiveBayesian,Elixir.Text.Vocabulary.Udhr.Quadgram,50,1000,958,42
fi,Elixir.Text.Language.Classifier.NaiveBayesian,Elixir.Text.Vocabulary.Udhr.Quadgram,100,1000,993,7
fi,Elixir.Text.Language.Classifier.NaiveBayesian,Elixir.Text.Vocabulary.Udhr.Quadgram,150,1000,1000,0
fi,Elixir.Text.Language.Classifier.NaiveBayesian,Elixir.Text.Vocabulary.Udhr.Quadgram,300,1000,1000,0
is,Elixir.Text.Language.Classifier.NaiveBayesian,Elixir.Text.Vocabulary.Udhr.Quadgram,50,1000,951,49
is,Elixir.Text.Language.Classifier.NaiveBayesian,Elixir.Text.Vocabulary.Udhr.Quadgram,100,1000,988,12
is,Elixir.Text.Language.Classifier.NaiveBayesian,Elixir.Text.Vocabulary.Udhr.Quadgram,150,1000,996,4
is,Elixir.Text.Language.Classifier.NaiveBayesian,Elixir.Text.Vocabulary.Udhr.Quadgram,300,1000,1000,0
el-monoton,Elixir.Text.Language.Classifier.NaiveBayesian,Elixir.Text.Vocabulary.Udhr.Quadgram,50,1000,996,4
el-monoton,Elixir.Text.Language.Classifier.NaiveBayesian,Elixir.Text.Vocabulary.Udhr.Quadgram,100,1000,1000,0
el-monoton,Elixir.Text.Language.Classifier.NaiveBayesian,Elixir.Text.Vocabulary.Udhr.Quadgram,150,1000,1000,0
el-monoton,Elixir.Text.Language.Classifier.NaiveBayesian,Elixir.Text.Vocabulary.Udhr.Quadgram,300,1000,1000,0
ru,Elixir.Text.Language.Classifier.NaiveBayesian,Elixir.Text.Vocabulary.Udhr.Quadgram,50,1000,918,82
ru,Elixir.Text.Language.Classifier.NaiveBayesian,Elixir.Text.Vocabulary.Udhr.Quadgram,100,1000,989,11
ru,Elixir.Text.Language.Classifier.NaiveBayesian,Elixir.Text.Vocabulary.Udhr.Quadgram,150,1000,1000,0
ru,Elixir.Text.Language.Classifier.NaiveBayesian,Elixir.Text.Vocabulary.Udhr.Quadgram,300,1000,1000,0
zh-Hans,Elixir.Text.Language.Classifier.NaiveBayesian,Elixir.Text.Vocabulary.Udhr.Quadgram,50,1000,846,154
zh-Hans,Elixir.Text.Language.Classifier.NaiveBayesian,Elixir.Text.Vocabulary.Udhr.Quadgram,100,1000,995,5
zh-Hans,Elixir.Text.Language.Classifier.NaiveBayesian,Elixir.Text.Vocabulary.Udhr.Quadgram,150,1000,1000,0
zh-Hans,Elixir.Text.Language.Classifier.NaiveBayesian,Elixir.Text.Vocabulary.Udhr.Quadgram,300,1000,1000,0
ja,Elixir.Text.Language.Classifier.NaiveBayesian,Elixir.Text.Vocabulary.Udhr.Quadgram,50,1000,998,2
ja,Elixir.Text.Language.Classifier.NaiveBayesian,Elixir.Text.Vocabulary.Udhr.Quadgram,100,1000,1000,0
ja,Elixir.Text.Language.Classifier.NaiveBayesian,Elixir.Text.Vocabulary.Udhr.Quadgram,150,1000,1000,0
ja,Elixir.Text.Language.Classifier.NaiveBayesian,Elixir.Text.Vocabulary.Udhr.Quadgram,300,1000,1000,0
kr,Elixir.Text.Language.Classifier.NaiveBayesian,Elixir.Text.Vocabulary.Udhr.Quadgram,50,1000,995,5
kr,Elixir.Text.Language.Classifier.NaiveBayesian,Elixir.Text.Vocabulary.Udhr.Quadgram,100,1000,1000,0
kr,Elixir.Text.Language.Classifier.NaiveBayesian,Elixir.Text.Vocabulary.Udhr.Quadgram,150,1000,1000,0
kr,Elixir.Text.Language.Classifier.NaiveBayesian,Elixir.Text.Vocabulary.Udhr.Quadgram,300,1000,1000,0
en,Elixir.Text.Language.Classifier.NaiveBayesian,Elixir.Text.Vocabulary.Udhr.Bigram,50,1000,956,44
en,Elixir.Text.Language.Classifier.NaiveBayesian,Elixir.Text.Vocabulary.Udhr.Bigram,100,1000,999,1
en,Elixir.Text.Language.Classifier.NaiveBayesian,Elixir.Text.Vocabulary.Udhr.Bigram,150,1000,1000,0
en,Elixir.Text.Language.Classifier.NaiveBayesian,Elixir.Text.Vocabulary.Udhr.Bigram,300,1000,1000,0
fr,Elixir.Text.Language.Classifier.NaiveBayesian,Elixir.Text.Vocabulary.Udhr.Bigram,50,1000,977,23
fr,Elixir.Text.Language.Classifier.NaiveBayesian,Elixir.Text.Vocabulary.Udhr.Bigram,100,1000,1000,0
fr,Elixir.Text.Language.Classifier.NaiveBayesian,Elixir.Text.Vocabulary.Udhr.Bigram,150,1000,1000,0
fr,Elixir.Text.Language.Classifier.NaiveBayesian,Elixir.Text.Vocabulary.Udhr.Bigram,300,1000,1000,0
de-1996,Elixir.Text.Language.Classifier.NaiveBayesian,Elixir.Text.Vocabulary.Udhr.Bigram,50,1000,456,544
de-1996,Elixir.Text.Language.Classifier.NaiveBayesian,Elixir.Text.Vocabulary.Udhr.Bigram,100,1000,644,356
de-1996,Elixir.Text.Language.Classifier.NaiveBayesian,Elixir.Text.Vocabulary.Udhr.Bigram,150,1000,716,284
de-1996,Elixir.Text.Language.Classifier.NaiveBayesian,Elixir.Text.Vocabulary.Udhr.Bigram,300,1000,787,213
it,Elixir.Text.Language.Classifier.NaiveBayesian,Elixir.Text.Vocabulary.Udhr.Bigram,50,1000,966,34
it,Elixir.Text.Language.Classifier.NaiveBayesian,Elixir.Text.Vocabulary.Udhr.Bigram,100,1000,998,2
it,Elixir.Text.Language.Classifier.NaiveBayesian,Elixir.Text.Vocabulary.Udhr.Bigram,150,1000,1000,0
it,Elixir.Text.Language.Classifier.NaiveBayesian,Elixir.Text.Vocabulary.Udhr.Bigram,300,1000,1000,0
es,Elixir.Text.Language.Classifier.NaiveBayesian,Elixir.Text.Vocabulary.Udhr.Bigram,50,1000,882,118
es,Elixir.Text.Language.Classifier.NaiveBayesian,Elixir.Text.Vocabulary.Udhr.Bigram,100,1000,984,16
es,Elixir.Text.Language.Classifier.NaiveBayesian,Elixir.Text.Vocabulary.Udhr.Bigram,150,1000,1000,0
es,Elixir.Text.Language.Classifier.NaiveBayesian,Elixir.Text.Vocabulary.Udhr.Bigram,300,1000,1000,0
fi,Elixir.Text.Language.Classifier.NaiveBayesian,Elixir.Text.Vocabulary.Udhr.Bigram,50,1000,954,46
fi,Elixir.Text.Language.Classifier.NaiveBayesian,Elixir.Text.Vocabulary.Udhr.Bigram,100,1000,995,5
fi,Elixir.Text.Language.Classifier.NaiveBayesian,Elixir.Text.Vocabulary.Udhr.Bigram,150,1000,1000,0
fi,Elixir.Text.Language.Classifier.NaiveBayesian,Elixir.Text.Vocabulary.Udhr.Bigram,300,1000,1000,0
is,Elixir.Text.Language.Classifier.NaiveBayesian,Elixir.Text.Vocabulary.Udhr.Bigram,50,1000,974,26
is,Elixir.Text.Language.Classifier.NaiveBayesian,Elixir.Text.Vocabulary.Udhr.Bigram,100,1000,998,2
is,Elixir.Text.Language.Classifier.NaiveBayesian,Elixir.Text.Vocabulary.Udhr.Bigram,150,1000,1000,0
is,Elixir.Text.Language.Classifier.NaiveBayesian,Elixir.Text.Vocabulary.Udhr.Bigram,300,1000,1000,0
el-monoton,Elixir.Text.Language.Classifier.NaiveBayesian,Elixir.Text.Vocabulary.Udhr.Bigram,50,1000,1000,0
el-monoton,Elixir.Text.Language.Classifier.NaiveBayesian,Elixir.Text.Vocabulary.Udhr.Bigram,100,1000,1000,0
el-monoton,Elixir.Text.Language.Classifier.NaiveBayesian,Elixir.Text.Vocabulary.Udhr.Bigram,150,1000,1000,0
el-monoton,Elixir.Text.Language.Classifier.NaiveBayesian,Elixir.Text.Vocabulary.Udhr.Bigram,300,1000,1000,0
ru,Elixir.Text.Language.Classifier.NaiveBayesian,Elixir.Text.Vocabulary.Udhr.Bigram,50,1000,983,17
ru,Elixir.Text.Language.Classifier.NaiveBayesian,Elixir.Text.Vocabulary.Udhr.Bigram,100,1000,1000,0
ru,Elixir.Text.Language.Classifier.NaiveBayesian,Elixir.Text.Vocabulary.Udhr.Bigram,150,1000,1000,0
ru,Elixir.Text.Language.Classifier.NaiveBayesian,Elixir.Text.Vocabulary.Udhr.Bigram,300,1000,1000,0
zh-Hans,Elixir.Text.Language.Classifier.NaiveBayesian,Elixir.Text.Vocabulary.Udhr.Bigram,50,1000,940,60
zh-Hans,Elixir.Text.Language.Classifier.NaiveBayesian,Elixir.Text.Vocabulary.Udhr.Bigram,100,1000,1000,0
zh-Hans,Elixir.Text.Language.Classifier.NaiveBayesian,Elixir.Text.Vocabulary.Udhr.Bigram,150,1000,1000,0
zh-Hans,Elixir.Text.Language.Classifier.NaiveBayesian,Elixir.Text.Vocabulary.Udhr.Bigram,300,1000,1000,0
ja,Elixir.Text.Language.Classifier.NaiveBayesian,Elixir.Text.Vocabulary.Udhr.Bigram,50,1000,1000,0
ja,Elixir.Text.Language.Classifier.NaiveBayesian,Elixir.Text.Vocabulary.Udhr.Bigram,100,1000,1000,0
ja,Elixir.Text.Language.Classifier.NaiveBayesian,Elixir.Text.Vocabulary.Udhr.Bigram,150,1000,1000,0
ja,Elixir.Text.Language.Classifier.NaiveBayesian,Elixir.Text.Vocabulary.Udhr.Bigram,300,1000,1000,0
kr,Elixir.Text.Language.Classifier.NaiveBayesian,Elixir.Text.Vocabulary.Udhr.Bigram,50,1000,1000,0
kr,Elixir.Text.Language.Classifier.NaiveBayesian,Elixir.Text.Vocabulary.Udhr.Bigram,100,1000,1000,0
kr,Elixir.Text.Language.Classifier.NaiveBayesian,Elixir.Text.Vocabulary.Udhr.Bigram,150,1000,1000,0
kr,Elixir.Text.Language.Classifier.NaiveBayesian,Elixir.Text.Vocabulary.Udhr.Bigram,300,1000,1000,0
en,Elixir.Text.Language.Classifier.NaiveBayesian,Elixir.Text.Vocabulary.Udhr.Multigram,50,1000,927,73
en,Elixir.Text.Language.Classifier.NaiveBayesian,Elixir.Text.Vocabulary.Udhr.Multigram,100,1000,995,5
en,Elixir.Text.Language.Classifier.NaiveBayesian,Elixir.Text.Vocabulary.Udhr.Multigram,150,1000,1000,0
en,Elixir.Text.Language.Classifier.NaiveBayesian,Elixir.Text.Vocabulary.Udhr.Multigram,300,1000,1000,0
fr,Elixir.Text.Language.Classifier.NaiveBayesian,Elixir.Text.Vocabulary.Udhr.Multigram,50,1000,970,30
fr,Elixir.Text.Language.Classifier.NaiveBayesian,Elixir.Text.Vocabulary.Udhr.Multigram,100,1000,1000,0
fr,Elixir.Text.Language.Classifier.NaiveBayesian,Elixir.Text.Vocabulary.Udhr.Multigram,150,1000,1000,0
fr,Elixir.Text.Language.Classifier.NaiveBayesian,Elixir.Text.Vocabulary.Udhr.Multigram,300,1000,1000,0
de-1996,Elixir.Text.Language.Classifier.NaiveBayesian,Elixir.Text.Vocabulary.Udhr.Multigram,50,1000,380,620
de-1996,Elixir.Text.Language.Classifier.NaiveBayesian,Elixir.Text.Vocabulary.Udhr.Multigram,100,1000,472,528
de-1996,Elixir.Text.Language.Classifier.NaiveBayesian,Elixir.Text.Vocabulary.Udhr.Multigram,150,1000,576,424
de-1996,Elixir.Text.Language.Classifier.NaiveBayesian,Elixir.Text.Vocabulary.Udhr.Multigram,300,1000,472,528
it,Elixir.Text.Language.Classifier.NaiveBayesian,Elixir.Text.Vocabulary.Udhr.Multigram,50,1000,854,146
it,Elixir.Text.Language.Classifier.NaiveBayesian,Elixir.Text.Vocabulary.Udhr.Multigram,100,1000,975,25
it,Elixir.Text.Language.Classifier.NaiveBayesian,Elixir.Text.Vocabulary.Udhr.Multigram,150,1000,996,4
it,Elixir.Text.Language.Classifier.NaiveBayesian,Elixir.Text.Vocabulary.Udhr.Multigram,300,1000,996,4
es,Elixir.Text.Language.Classifier.NaiveBayesian,Elixir.Text.Vocabulary.Udhr.Multigram,50,1000,749,251
es,Elixir.Text.Language.Classifier.NaiveBayesian,Elixir.Text.Vocabulary.Udhr.Multigram,100,1000,951,49
es,Elixir.Text.Language.Classifier.NaiveBayesian,Elixir.Text.Vocabulary.Udhr.Multigram,150,1000,985,15
es,Elixir.Text.Language.Classifier.NaiveBayesian,Elixir.Text.Vocabulary.Udhr.Multigram,300,1000,998,2
fi,Elixir.Text.Language.Classifier.NaiveBayesian,Elixir.Text.Vocabulary.Udhr.Multigram,50,1000,912,88
fi,Elixir.Text.Language.Classifier.NaiveBayesian,Elixir.Text.Vocabulary.Udhr.Multigram,100,1000,979,21
fi,Elixir.Text.Language.Classifier.NaiveBayesian,Elixir.Text.Vocabulary.Udhr.Multigram,150,1000,1000,0
fi,Elixir.Text.Language.Classifier.NaiveBayesian,Elixir.Text.Vocabulary.Udhr.Multigram,300,1000,1000,0
is,Elixir.Text.Language.Classifier.NaiveBayesian,Elixir.Text.Vocabulary.Udhr.Multigram,50,1000,959,41
is,Elixir.Text.Language.Classifier.NaiveBayesian,Elixir.Text.Vocabulary.Udhr.Multigram,100,1000,1000,0
is,Elixir.Text.Language.Classifier.NaiveBayesian,Elixir.Text.Vocabulary.Udhr.Multigram,150,1000,1000,0
is,Elixir.Text.Language.Classifier.NaiveBayesian,Elixir.Text.Vocabulary.Udhr.Multigram,300,1000,1000,0
el-monoton,Elixir.Text.Language.Classifier.NaiveBayesian,Elixir.Text.Vocabulary.Udhr.Multigram,50,1000,1000,0
el-monoton,Elixir.Text.Language.Classifier.NaiveBayesian,Elixir.Text.Vocabulary.Udhr.Multigram,100,1000,1000,0
el-monoton,Elixir.Text.Language.Classifier.NaiveBayesian,Elixir.Text.Vocabulary.Udhr.Multigram,150,1000,1000,0
el-monoton,Elixir.Text.Language.Classifier.NaiveBayesian,Elixir.Text.Vocabulary.Udhr.Multigram,300,1000,1000,0
ru,Elixir.Text.Language.Classifier.NaiveBayesian,Elixir.Text.Vocabulary.Udhr.Multigram,50,1000,919,81
ru,Elixir.Text.Language.Classifier.NaiveBayesian,Elixir.Text.Vocabulary.Udhr.Multigram,100,1000,981,19
ru,Elixir.Text.Language.Classifier.NaiveBayesian,Elixir.Text.Vocabulary.Udhr.Multigram,150,1000,999,1
ru,Elixir.Text.Language.Classifier.NaiveBayesian,Elixir.Text.Vocabulary.Udhr.Multigram,300,1000,1000,0
zh-Hans,Elixir.Text.Language.Classifier.NaiveBayesian,Elixir.Text.Vocabulary.Udhr.Multigram,50,1000,932,68
zh-Hans,Elixir.Text.Language.Classifier.NaiveBayesian,Elixir.Text.Vocabulary.Udhr.Multigram,100,1000,986,14
zh-Hans,Elixir.Text.Language.Classifier.NaiveBayesian,Elixir.Text.Vocabulary.Udhr.Multigram,150,1000,982,18
zh-Hans,Elixir.Text.Language.Classifier.NaiveBayesian,Elixir.Text.Vocabulary.Udhr.Multigram,300,1000,1000,0
ja,Elixir.Text.Language.Classifier.NaiveBayesian,Elixir.Text.Vocabulary.Udhr.Multigram,50,1000,1000,0
ja,Elixir.Text.Language.Classifier.NaiveBayesian,Elixir.Text.Vocabulary.Udhr.Multigram,100,1000,1000,0
ja,Elixir.Text.Language.Classifier.NaiveBayesian,Elixir.Text.Vocabulary.Udhr.Multigram,150,1000,1000,0
ja,Elixir.Text.Language.Classifier.NaiveBayesian,Elixir.Text.Vocabulary.Udhr.Multigram,300,1000,1000,0
kr,Elixir.Text.Language.Classifier.NaiveBayesian,Elixir.Text.Vocabulary.Udhr.Multigram,50,1000,995,5
kr,Elixir.Text.Language.Classifier.NaiveBayesian,Elixir.Text.Vocabulary.Udhr.Multigram,100,1000,1000,0
kr,Elixir.Text.Language.Classifier.NaiveBayesian,Elixir.Text.Vocabulary.Udhr.Multigram,150,1000,1000,0
kr,Elixir.Text.Language.Classifier.NaiveBayesian,Elixir.Text.Vocabulary.Udhr.Multigram,300,1000,1000,0
en,Elixir.Text.Language.Classifier.CummulativeFrequency,Elixir.Text.Vocabulary.Udhr.Quadgram,50,1000,954,46
en,Elixir.Text.Language.Classifier.CummulativeFrequency,Elixir.Text.Vocabulary.Udhr.Quadgram,100,1000,983,17
en,Elixir.Text.Language.Classifier.CummulativeFrequency,Elixir.Text.Vocabulary.Udhr.Quadgram,150,1000,996,4
en,Elixir.Text.Language.Classifier.CummulativeFrequency,Elixir.Text.Vocabulary.Udhr.Quadgram,300,1000,1000,0
fr,Elixir.Text.Language.Classifier.CummulativeFrequency,Elixir.Text.Vocabulary.Udhr.Quadgram,50,1000,970,30
fr,Elixir.Text.Language.Classifier.CummulativeFrequency,Elixir.Text.Vocabulary.Udhr.Quadgram,100,1000,1000,0
fr,Elixir.Text.Language.Classifier.CummulativeFrequency,Elixir.Text.Vocabulary.Udhr.Quadgram,150,1000,1000,0
fr,Elixir.Text.Language.Classifier.CummulativeFrequency,Elixir.Text.Vocabulary.Udhr.Quadgram,300,1000,1000,0
de-1996,Elixir.Text.Language.Classifier.CummulativeFrequency,Elixir.Text.Vocabulary.Udhr.Quadgram,50,1000,293,707
de-1996,Elixir.Text.Language.Classifier.CummulativeFrequency,Elixir.Text.Vocabulary.Udhr.Quadgram,100,1000,424,576
de-1996,Elixir.Text.Language.Classifier.CummulativeFrequency,Elixir.Text.Vocabulary.Udhr.Quadgram,150,1000,511,489
de-1996,Elixir.Text.Language.Classifier.CummulativeFrequency,Elixir.Text.Vocabulary.Udhr.Quadgram,300,1000,599,401
it,Elixir.Text.Language.Classifier.CummulativeFrequency,Elixir.Text.Vocabulary.Udhr.Quadgram,50,1000,924,76
it,Elixir.Text.Language.Classifier.CummulativeFrequency,Elixir.Text.Vocabulary.Udhr.Quadgram,100,1000,996,4
it,Elixir.Text.Language.Classifier.CummulativeFrequency,Elixir.Text.Vocabulary.Udhr.Quadgram,150,1000,1000,0
it,Elixir.Text.Language.Classifier.CummulativeFrequency,Elixir.Text.Vocabulary.Udhr.Quadgram,300,1000,1000,0
es,Elixir.Text.Language.Classifier.CummulativeFrequency,Elixir.Text.Vocabulary.Udhr.Quadgram,50,1000,807,193
es,Elixir.Text.Language.Classifier.CummulativeFrequency,Elixir.Text.Vocabulary.Udhr.Quadgram,100,1000,977,23
es,Elixir.Text.Language.Classifier.CummulativeFrequency,Elixir.Text.Vocabulary.Udhr.Quadgram,150,1000,997,3
es,Elixir.Text.Language.Classifier.CummulativeFrequency,Elixir.Text.Vocabulary.Udhr.Quadgram,300,1000,1000,0
fi,Elixir.Text.Language.Classifier.CummulativeFrequency,Elixir.Text.Vocabulary.Udhr.Quadgram,50,1000,943,57
fi,Elixir.Text.Language.Classifier.CummulativeFrequency,Elixir.Text.Vocabulary.Udhr.Quadgram,100,1000,997,3
fi,Elixir.Text.Language.Classifier.CummulativeFrequency,Elixir.Text.Vocabulary.Udhr.Quadgram,150,1000,1000,0
fi,Elixir.Text.Language.Classifier.CummulativeFrequency,Elixir.Text.Vocabulary.Udhr.Quadgram,300,1000,1000,0
is,Elixir.Text.Language.Classifier.CummulativeFrequency,Elixir.Text.Vocabulary.Udhr.Quadgram,50,1000,958,42
is,Elixir.Text.Language.Classifier.CummulativeFrequency,Elixir.Text.Vocabulary.Udhr.Quadgram,100,1000,995,5
is,Elixir.Text.Language.Classifier.CummulativeFrequency,Elixir.Text.Vocabulary.Udhr.Quadgram,150,1000,999,1
is,Elixir.Text.Language.Classifier.CummulativeFrequency,Elixir.Text.Vocabulary.Udhr.Quadgram,300,1000,1000,0
el-monoton,Elixir.Text.Language.Classifier.CummulativeFrequency,Elixir.Text.Vocabulary.Udhr.Quadgram,50,1000,993,7
el-monoton,Elixir.Text.Language.Classifier.CummulativeFrequency,Elixir.Text.Vocabulary.Udhr.Quadgram,100,1000,1000,0
el-monoton,Elixir.Text.Language.Classifier.CummulativeFrequency,Elixir.Text.Vocabulary.Udhr.Quadgram,150,1000,1000,0
el-monoton,Elixir.Text.Language.Classifier.CummulativeFrequency,Elixir.Text.Vocabulary.Udhr.Quadgram,300,1000,1000,0
ru,Elixir.Text.Language.Classifier.CummulativeFrequency,Elixir.Text.Vocabulary.Udhr.Quadgram,50,1000,919,81
ru,Elixir.Text.Language.Classifier.CummulativeFrequency,Elixir.Text.Vocabulary.Udhr.Quadgram,100,1000,993,7
ru,Elixir.Text.Language.Classifier.CummulativeFrequency,Elixir.Text.Vocabulary.Udhr.Quadgram,150,1000,997,3
ru,Elixir.Text.Language.Classifier.CummulativeFrequency,Elixir.Text.Vocabulary.Udhr.Quadgram,300,1000,1000,0
zh-Hans,Elixir.Text.Language.Classifier.CummulativeFrequency,Elixir.Text.Vocabulary.Udhr.Quadgram,50,1000,832,168
zh-Hans,Elixir.Text.Language.Classifier.CummulativeFrequency,Elixir.Text.Vocabulary.Udhr.Quadgram,100,1000,989,11
zh-Hans,Elixir.Text.Language.Classifier.CummulativeFrequency,Elixir.Text.Vocabulary.Udhr.Quadgram,150,1000,1000,0
zh-Hans,Elixir.Text.Language.Classifier.CummulativeFrequency,Elixir.Text.Vocabulary.Udhr.Quadgram,300,1000,1000,0
ja,Elixir.Text.Language.Classifier.CummulativeFrequency,Elixir.Text.Vocabulary.Udhr.Quadgram,50,1000,998,2
ja,Elixir.Text.Language.Classifier.CummulativeFrequency,Elixir.Text.Vocabulary.Udhr.Quadgram,100,1000,1000,0
ja,Elixir.Text.Language.Classifier.CummulativeFrequency,Elixir.Text.Vocabulary.Udhr.Quadgram,150,1000,1000,0
ja,Elixir.Text.Language.Classifier.CummulativeFrequency,Elixir.Text.Vocabulary.Udhr.Quadgram,300,1000,1000,0
kr,Elixir.Text.Language.Classifier.CummulativeFrequency,Elixir.Text.Vocabulary.Udhr.Quadgram,50,1000,987,13
kr,Elixir.Text.Language.Classifier.CummulativeFrequency,Elixir.Text.Vocabulary.Udhr.Quadgram,100,1000,1000,0
kr,Elixir.Text.Language.Classifier.CummulativeFrequency,Elixir.Text.Vocabulary.Udhr.Quadgram,150,1000,1000,0
kr,Elixir.Text.Language.Classifier.CummulativeFrequency,Elixir.Text.Vocabulary.Udhr.Quadgram,300,1000,1000,0
en,Elixir.Text.Language.Classifier.CummulativeFrequency,Elixir.Text.Vocabulary.Udhr.Bigram,50,1000,948,52
en,Elixir.Text.Language.Classifier.CummulativeFrequency,Elixir.Text.Vocabulary.Udhr.Bigram,100,1000,994,6
en,Elixir.Text.Language.Classifier.CummulativeFrequency,Elixir.Text.Vocabulary.Udhr.Bigram,150,1000,1000,0
en,Elixir.Text.Language.Classifier.CummulativeFrequency,Elixir.Text.Vocabulary.Udhr.Bigram,300,1000,1000,0
fr,Elixir.Text.Language.Classifier.CummulativeFrequency,Elixir.Text.Vocabulary.Udhr.Bigram,50,1000,973,27
fr,Elixir.Text.Language.Classifier.CummulativeFrequency,Elixir.Text.Vocabulary.Udhr.Bigram,100,1000,1000,0
fr,Elixir.Text.Language.Classifier.CummulativeFrequency,Elixir.Text.Vocabulary.Udhr.Bigram,150,1000,1000,0
fr,Elixir.Text.Language.Classifier.CummulativeFrequency,Elixir.Text.Vocabulary.Udhr.Bigram,300,1000,1000,0
de-1996,Elixir.Text.Language.Classifier.CummulativeFrequency,Elixir.Text.Vocabulary.Udhr.Bigram,50,1000,467,533
de-1996,Elixir.Text.Language.Classifier.CummulativeFrequency,Elixir.Text.Vocabulary.Udhr.Bigram,100,1000,624,376
de-1996,Elixir.Text.Language.Classifier.CummulativeFrequency,Elixir.Text.Vocabulary.Udhr.Bigram,150,1000,726,274
de-1996,Elixir.Text.Language.Classifier.CummulativeFrequency,Elixir.Text.Vocabulary.Udhr.Bigram,300,1000,783,217
it,Elixir.Text.Language.Classifier.CummulativeFrequency,Elixir.Text.Vocabulary.Udhr.Bigram,50,1000,969,31
it,Elixir.Text.Language.Classifier.CummulativeFrequency,Elixir.Text.Vocabulary.Udhr.Bigram,100,1000,998,2
it,Elixir.Text.Language.Classifier.CummulativeFrequency,Elixir.Text.Vocabulary.Udhr.Bigram,150,1000,1000,0
it,Elixir.Text.Language.Classifier.CummulativeFrequency,Elixir.Text.Vocabulary.Udhr.Bigram,300,1000,1000,0
es,Elixir.Text.Language.Classifier.CummulativeFrequency,Elixir.Text.Vocabulary.Udhr.Bigram,50,1000,891,109
es,Elixir.Text.Language.Classifier.CummulativeFrequency,Elixir.Text.Vocabulary.Udhr.Bigram,100,1000,988,12
es,Elixir.Text.Language.Classifier.CummulativeFrequency,Elixir.Text.Vocabulary.Udhr.Bigram,150,1000,999,1
es,Elixir.Text.Language.Classifier.CummulativeFrequency,Elixir.Text.Vocabulary.Udhr.Bigram,300,1000,1000,0
fi,Elixir.Text.Language.Classifier.CummulativeFrequency,Elixir.Text.Vocabulary.Udhr.Bigram,50,1000,941,59
fi,Elixir.Text.Language.Classifier.CummulativeFrequency,Elixir.Text.Vocabulary.Udhr.Bigram,100,1000,992,8
fi,Elixir.Text.Language.Classifier.CummulativeFrequency,Elixir.Text.Vocabulary.Udhr.Bigram,150,1000,1000,0
fi,Elixir.Text.Language.Classifier.CummulativeFrequency,Elixir.Text.Vocabulary.Udhr.Bigram,300,1000,1000,0
is,Elixir.Text.Language.Classifier.CummulativeFrequency,Elixir.Text.Vocabulary.Udhr.Bigram,50,1000,983,17
is,Elixir.Text.Language.Classifier.CummulativeFrequency,Elixir.Text.Vocabulary.Udhr.Bigram,100,1000,998,2
is,Elixir.Text.Language.Classifier.CummulativeFrequency,Elixir.Text.Vocabulary.Udhr.Bigram,150,1000,1000,0
is,Elixir.Text.Language.Classifier.CummulativeFrequency,Elixir.Text.Vocabulary.Udhr.Bigram,300,1000,1000,0
el-monoton,Elixir.Text.Language.Classifier.CummulativeFrequency,Elixir.Text.Vocabulary.Udhr.Bigram,50,1000,1000,0
el-monoton,Elixir.Text.Language.Classifier.CummulativeFrequency,Elixir.Text.Vocabulary.Udhr.Bigram,100,1000,1000,0
el-monoton,Elixir.Text.Language.Classifier.CummulativeFrequency,Elixir.Text.Vocabulary.Udhr.Bigram,150,1000,1000,0
el-monoton,Elixir.Text.Language.Classifier.CummulativeFrequency,Elixir.Text.Vocabulary.Udhr.Bigram,300,1000,1000,0
ru,Elixir.Text.Language.Classifier.CummulativeFrequency,Elixir.Text.Vocabulary.Udhr.Bigram,50,1000,980,20
ru,Elixir.Text.Language.Classifier.CummulativeFrequency,Elixir.Text.Vocabulary.Udhr.Bigram,100,1000,1000,0
ru,Elixir.Text.Language.Classifier.CummulativeFrequency,Elixir.Text.Vocabulary.Udhr.Bigram,150,1000,1000,0
ru,Elixir.Text.Language.Classifier.CummulativeFrequency,Elixir.Text.Vocabulary.Udhr.Bigram,300,1000,1000,0
zh-Hans,Elixir.Text.Language.Classifier.CummulativeFrequency,Elixir.Text.Vocabulary.Udhr.Bigram,50,1000,944,56
zh-Hans,Elixir.Text.Language.Classifier.CummulativeFrequency,Elixir.Text.Vocabulary.Udhr.Bigram,100,1000,1000,0
zh-Hans,Elixir.Text.Language.Classifier.CummulativeFrequency,Elixir.Text.Vocabulary.Udhr.Bigram,150,1000,1000,0
zh-Hans,Elixir.Text.Language.Classifier.CummulativeFrequency,Elixir.Text.Vocabulary.Udhr.Bigram,300,1000,1000,0
ja,Elixir.Text.Language.Classifier.CummulativeFrequency,Elixir.Text.Vocabulary.Udhr.Bigram,50,1000,1000,0
ja,Elixir.Text.Language.Classifier.CummulativeFrequency,Elixir.Text.Vocabulary.Udhr.Bigram,100,1000,1000,0
ja,Elixir.Text.Language.Classifier.CummulativeFrequency,Elixir.Text.Vocabulary.Udhr.Bigram,150,1000,1000,0
ja,Elixir.Text.Language.Classifier.CummulativeFrequency,Elixir.Text.Vocabulary.Udhr.Bigram,300,1000,1000,0
kr,Elixir.Text.Language.Classifier.CummulativeFrequency,Elixir.Text.Vocabulary.Udhr.Bigram,50,1000,1000,0
kr,Elixir.Text.Language.Classifier.CummulativeFrequency,Elixir.Text.Vocabulary.Udhr.Bigram,100,1000,1000,0
kr,Elixir.Text.Language.Classifier.CummulativeFrequency,Elixir.Text.Vocabulary.Udhr.Bigram,150,1000,1000,0
kr,Elixir.Text.Language.Classifier.CummulativeFrequency,Elixir.Text.Vocabulary.Udhr.Bigram,300,1000,1000,0
en,Elixir.Text.Language.Classifier.CummulativeFrequency,Elixir.Text.Vocabulary.Udhr.Multigram,50,1000,944,56
en,Elixir.Text.Language.Classifier.CummulativeFrequency,Elixir.Text.Vocabulary.Udhr.Multigram,100,1000,986,14
en,Elixir.Text.Language.Classifier.CummulativeFrequency,Elixir.Text.Vocabulary.Udhr.Multigram,150,1000,999,1
en,Elixir.Text.Language.Classifier.CummulativeFrequency,Elixir.Text.Vocabulary.Udhr.Multigram,300,1000,1000,0
fr,Elixir.Text.Language.Classifier.CummulativeFrequency,Elixir.Text.Vocabulary.Udhr.Multigram,50,1000,976,24
fr,Elixir.Text.Language.Classifier.CummulativeFrequency,Elixir.Text.Vocabulary.Udhr.Multigram,100,1000,1000,0
fr,Elixir.Text.Language.Classifier.CummulativeFrequency,Elixir.Text.Vocabulary.Udhr.Multigram,150,1000,1000,0
fr,Elixir.Text.Language.Classifier.CummulativeFrequency,Elixir.Text.Vocabulary.Udhr.Multigram,300,1000,1000,0
de-1996,Elixir.Text.Language.Classifier.CummulativeFrequency,Elixir.Text.Vocabulary.Udhr.Multigram,50,1000,375,625
de-1996,Elixir.Text.Language.Classifier.CummulativeFrequency,Elixir.Text.Vocabulary.Udhr.Multigram,100,1000,494,506
de-1996,Elixir.Text.Language.Classifier.CummulativeFrequency,Elixir.Text.Vocabulary.Udhr.Multigram,150,1000,575,425
de-1996,Elixir.Text.Language.Classifier.CummulativeFrequency,Elixir.Text.Vocabulary.Udhr.Multigram,300,1000,455,545
it,Elixir.Text.Language.Classifier.CummulativeFrequency,Elixir.Text.Vocabulary.Udhr.Multigram,50,1000,857,143
it,Elixir.Text.Language.Classifier.CummulativeFrequency,Elixir.Text.Vocabulary.Udhr.Multigram,100,1000,982,18
it,Elixir.Text.Language.Classifier.CummulativeFrequency,Elixir.Text.Vocabulary.Udhr.Multigram,150,1000,990,10
it,Elixir.Text.Language.Classifier.CummulativeFrequency,Elixir.Text.Vocabulary.Udhr.Multigram,300,1000,995,5
es,Elixir.Text.Language.Classifier.CummulativeFrequency,Elixir.Text.Vocabulary.Udhr.Multigram,50,1000,746,254
es,Elixir.Text.Language.Classifier.CummulativeFrequency,Elixir.Text.Vocabulary.Udhr.Multigram,100,1000,956,44
es,Elixir.Text.Language.Classifier.CummulativeFrequency,Elixir.Text.Vocabulary.Udhr.Multigram,150,1000,974,26
es,Elixir.Text.Language.Classifier.CummulativeFrequency,Elixir.Text.Vocabulary.Udhr.Multigram,300,1000,999,1
fi,Elixir.Text.Language.Classifier.CummulativeFrequency,Elixir.Text.Vocabulary.Udhr.Multigram,50,1000,923,77
fi,Elixir.Text.Language.Classifier.CummulativeFrequency,Elixir.Text.Vocabulary.Udhr.Multigram,100,1000,984,16
fi,Elixir.Text.Language.Classifier.CummulativeFrequency,Elixir.Text.Vocabulary.Udhr.Multigram,150,1000,1000,0
fi,Elixir.Text.Language.Classifier.CummulativeFrequency,Elixir.Text.Vocabulary.Udhr.Multigram,300,1000,1000,0
is,Elixir.Text.Language.Classifier.CummulativeFrequency,Elixir.Text.Vocabulary.Udhr.Multigram,50,1000,963,37
is,Elixir.Text.Language.Classifier.CummulativeFrequency,Elixir.Text.Vocabulary.Udhr.Multigram,100,1000,1000,0
is,Elixir.Text.Language.Classifier.CummulativeFrequency,Elixir.Text.Vocabulary.Udhr.Multigram,150,1000,999,1
is,Elixir.Text.Language.Classifier.CummulativeFrequency,Elixir.Text.Vocabulary.Udhr.Multigram,300,1000,1000,0
el-monoton,Elixir.Text.Language.Classifier.CummulativeFrequency,Elixir.Text.Vocabulary.Udhr.Multigram,50,1000,999,1
el-monoton,Elixir.Text.Language.Classifier.CummulativeFrequency,Elixir.Text.Vocabulary.Udhr.Multigram,100,1000,1000,0
el-monoton,Elixir.Text.Language.Classifier.CummulativeFrequency,Elixir.Text.Vocabulary.Udhr.Multigram,150,1000,1000,0
el-monoton,Elixir.Text.Language.Classifier.CummulativeFrequency,Elixir.Text.Vocabulary.Udhr.Multigram,300,1000,1000,0
ru,Elixir.Text.Language.Classifier.CummulativeFrequency,Elixir.Text.Vocabulary.Udhr.Multigram,50,1000,921,79
ru,Elixir.Text.Language.Classifier.CummulativeFrequency,Elixir.Text.Vocabulary.Udhr.Multigram,100,1000,983,17
ru,Elixir.Text.Language.Classifier.CummulativeFrequency,Elixir.Text.Vocabulary.Udhr.Multigram,150,1000,1000,0
ru,Elixir.Text.Language.Classifier.CummulativeFrequency,Elixir.Text.Vocabulary.Udhr.Multigram,300,1000,1000,0
zh-Hans,Elixir.Text.Language.Classifier.CummulativeFrequency,Elixir.Text.Vocabulary.Udhr.Multigram,50,1000,911,89
zh-Hans,Elixir.Text.Language.Classifier.CummulativeFrequency,Elixir.Text.Vocabulary.Udhr.Multigram,100,1000,993,7
zh-Hans,Elixir.Text.Language.Classifier.CummulativeFrequency,Elixir.Text.Vocabulary.Udhr.Multigram,150,1000,969,31
zh-Hans,Elixir.Text.Language.Classifier.CummulativeFrequency,Elixir.Text.Vocabulary.Udhr.Multigram,300,1000,1000,0
ja,Elixir.Text.Language.Classifier.CummulativeFrequency,Elixir.Text.Vocabulary.Udhr.Multigram,50,1000,1000,0
ja,Elixir.Text.Language.Classifier.CummulativeFrequency,Elixir.Text.Vocabulary.Udhr.Multigram,100,1000,1000,0
ja,Elixir.Text.Language.Classifier.CummulativeFrequency,Elixir.Text.Vocabulary.Udhr.Multigram,150,1000,1000,0
ja,Elixir.Text.Language.Classifier.CummulativeFrequency,Elixir.Text.Vocabulary.Udhr.Multigram,300,1000,1000,0
kr,Elixir.Text.Language.Classifier.CummulativeFrequency,Elixir.Text.Vocabulary.Udhr.Multigram,50,1000,996,4
kr,Elixir.Text.Language.Classifier.CummulativeFrequency,Elixir.Text.Vocabulary.Udhr.Multigram,100,1000,1000,0
kr,Elixir.Text.Language.Classifier.CummulativeFrequency,Elixir.Text.Vocabulary.Udhr.Multigram,150,1000,1000,0
kr,Elixir.Text.Language.Classifier.CummulativeFrequency,Elixir.Text.Vocabulary.Udhr.Multigram,300,1000,1000,0
en,Elixir.Text.Language.Classifier.RankOrder,Elixir.Text.Vocabulary.Udhr.Quadgram,50,1000,954,46
en,Elixir.Text.Language.Classifier.RankOrder,Elixir.Text.Vocabulary.Udhr.Quadgram,100,1000,987,13
en,Elixir.Text.Language.Classifier.RankOrder,Elixir.Text.Vocabulary.Udhr.Quadgram,150,1000,994,6
en,Elixir.Text.Language.Classifier.RankOrder,Elixir.Text.Vocabulary.Udhr.Quadgram,300,1000,1000,0
fr,Elixir.Text.Language.Classifier.RankOrder,Elixir.Text.Vocabulary.Udhr.Quadgram,50,1000,981,19
fr,Elixir.Text.Language.Classifier.RankOrder,Elixir.Text.Vocabulary.Udhr.Quadgram,100,1000,1000,0
fr,Elixir.Text.Language.Classifier.RankOrder,Elixir.Text.Vocabulary.Udhr.Quadgram,150,1000,1000,0
fr,Elixir.Text.Language.Classifier.RankOrder,Elixir.Text.Vocabulary.Udhr.Quadgram,300,1000,1000,0
de-1996,Elixir.Text.Language.Classifier.RankOrder,Elixir.Text.Vocabulary.Udhr.Quadgram,50,1000,271,729
de-1996,Elixir.Text.Language.Classifier.RankOrder,Elixir.Text.Vocabulary.Udhr.Quadgram,100,1000,433,567
de-1996,Elixir.Text.Language.Classifier.RankOrder,Elixir.Text.Vocabulary.Udhr.Quadgram,150,1000,540,460
de-1996,Elixir.Text.Language.Classifier.RankOrder,Elixir.Text.Vocabulary.Udhr.Quadgram,300,1000,605,395
it,Elixir.Text.Language.Classifier.RankOrder,Elixir.Text.Vocabulary.Udhr.Quadgram,50,1000,919,81
it,Elixir.Text.Language.Classifier.RankOrder,Elixir.Text.Vocabulary.Udhr.Quadgram,100,1000,996,4
it,Elixir.Text.Language.Classifier.RankOrder,Elixir.Text.Vocabulary.Udhr.Quadgram,150,1000,1000,0
it,Elixir.Text.Language.Classifier.RankOrder,Elixir.Text.Vocabulary.Udhr.Quadgram,300,1000,1000,0
es,Elixir.Text.Language.Classifier.RankOrder,Elixir.Text.Vocabulary.Udhr.Quadgram,50,1000,832,168
es,Elixir.Text.Language.Classifier.RankOrder,Elixir.Text.Vocabulary.Udhr.Quadgram,100,1000,978,22
es,Elixir.Text.Language.Classifier.RankOrder,Elixir.Text.Vocabulary.Udhr.Quadgram,150,1000,997,3
es,Elixir.Text.Language.Classifier.RankOrder,Elixir.Text.Vocabulary.Udhr.Quadgram,300,1000,1000,0
fi,Elixir.Text.Language.Classifier.RankOrder,Elixir.Text.Vocabulary.Udhr.Quadgram,50,1000,947,53
fi,Elixir.Text.Language.Classifier.RankOrder,Elixir.Text.Vocabulary.Udhr.Quadgram,100,1000,997,3
fi,Elixir.Text.Language.Classifier.RankOrder,Elixir.Text.Vocabulary.Udhr.Quadgram,150,1000,1000,0
fi,Elixir.Text.Language.Classifier.RankOrder,Elixir.Text.Vocabulary.Udhr.Quadgram,300,1000,1000,0
is,Elixir.Text.Language.Classifier.RankOrder,Elixir.Text.Vocabulary.Udhr.Quadgram,50,1000,962,38
is,Elixir.Text.Language.Classifier.RankOrder,Elixir.Text.Vocabulary.Udhr.Quadgram,100,1000,992,8
is,Elixir.Text.Language.Classifier.RankOrder,Elixir.Text.Vocabulary.Udhr.Quadgram,150,1000,999,1
is,Elixir.Text.Language.Classifier.RankOrder,Elixir.Text.Vocabulary.Udhr.Quadgram,300,1000,1000,0
el-monoton,Elixir.Text.Language.Classifier.RankOrder,Elixir.Text.Vocabulary.Udhr.Quadgram,50,1000,994,6
el-monoton,Elixir.Text.Language.Classifier.RankOrder,Elixir.Text.Vocabulary.Udhr.Quadgram,100,1000,1000,0
el-monoton,Elixir.Text.Language.Classifier.RankOrder,Elixir.Text.Vocabulary.Udhr.Quadgram,150,1000,1000,0
el-monoton,Elixir.Text.Language.Classifier.RankOrder,Elixir.Text.Vocabulary.Udhr.Quadgram,300,1000,1000,0
ru,Elixir.Text.Language.Classifier.RankOrder,Elixir.Text.Vocabulary.Udhr.Quadgram,50,1000,948,52
ru,Elixir.Text.Language.Classifier.RankOrder,Elixir.Text.Vocabulary.Udhr.Quadgram,100,1000,993,7
ru,Elixir.Text.Language.Classifier.RankOrder,Elixir.Text.Vocabulary.Udhr.Quadgram,150,1000,1000,0
ru,Elixir.Text.Language.Classifier.RankOrder,Elixir.Text.Vocabulary.Udhr.Quadgram,300,1000,1000,0
zh-Hans,Elixir.Text.Language.Classifier.RankOrder,Elixir.Text.Vocabulary.Udhr.Quadgram,50,1000,833,167
zh-Hans,Elixir.Text.Language.Classifier.RankOrder,Elixir.Text.Vocabulary.Udhr.Quadgram,100,1000,988,12
zh-Hans,Elixir.Text.Language.Classifier.RankOrder,Elixir.Text.Vocabulary.Udhr.Quadgram,150,1000,1000,0
zh-Hans,Elixir.Text.Language.Classifier.RankOrder,Elixir.Text.Vocabulary.Udhr.Quadgram,300,1000,1000,0
ja,Elixir.Text.Language.Classifier.RankOrder,Elixir.Text.Vocabulary.Udhr.Quadgram,50,1000,996,4
ja,Elixir.Text.Language.Classifier.RankOrder,Elixir.Text.Vocabulary.Udhr.Quadgram,100,1000,1000,0
ja,Elixir.Text.Language.Classifier.RankOrder,Elixir.Text.Vocabulary.Udhr.Quadgram,150,1000,1000,0
ja,Elixir.Text.Language.Classifier.RankOrder,Elixir.Text.Vocabulary.Udhr.Quadgram,300,1000,1000,0
kr,Elixir.Text.Language.Classifier.RankOrder,Elixir.Text.Vocabulary.Udhr.Quadgram,50,1000,996,4
kr,Elixir.Text.Language.Classifier.RankOrder,Elixir.Text.Vocabulary.Udhr.Quadgram,100,1000,1000,0
kr,Elixir.Text.Language.Classifier.RankOrder,Elixir.Text.Vocabulary.Udhr.Quadgram,150,1000,1000,0
kr,Elixir.Text.Language.Classifier.RankOrder,Elixir.Text.Vocabulary.Udhr.Quadgram,300,1000,1000,0
en,Elixir.Text.Language.Classifier.RankOrder,Elixir.Text.Vocabulary.Udhr.Bigram,50,1000,953,47
en,Elixir.Text.Language.Classifier.RankOrder,Elixir.Text.Vocabulary.Udhr.Bigram,100,1000,997,3
en,Elixir.Text.Language.Classifier.RankOrder,Elixir.Text.Vocabulary.Udhr.Bigram,150,1000,1000,0
en,Elixir.Text.Language.Classifier.RankOrder,Elixir.Text.Vocabulary.Udhr.Bigram,300,1000,1000,0
fr,Elixir.Text.Language.Classifier.RankOrder,Elixir.Text.Vocabulary.Udhr.Bigram,50,1000,976,24
fr,Elixir.Text.Language.Classifier.RankOrder,Elixir.Text.Vocabulary.Udhr.Bigram,100,1000,1000,0
fr,Elixir.Text.Language.Classifier.RankOrder,Elixir.Text.Vocabulary.Udhr.Bigram,150,1000,1000,0
fr,Elixir.Text.Language.Classifier.RankOrder,Elixir.Text.Vocabulary.Udhr.Bigram,300,1000,1000,0
de-1996,Elixir.Text.Language.Classifier.RankOrder,Elixir.Text.Vocabulary.Udhr.Bigram,50,1000,458,542
de-1996,Elixir.Text.Language.Classifier.RankOrder,Elixir.Text.Vocabulary.Udhr.Bigram,100,1000,632,368
de-1996,Elixir.Text.Language.Classifier.RankOrder,Elixir.Text.Vocabulary.Udhr.Bigram,150,1000,762,238
de-1996,Elixir.Text.Language.Classifier.RankOrder,Elixir.Text.Vocabulary.Udhr.Bigram,300,1000,760,240
it,Elixir.Text.Language.Classifier.RankOrder,Elixir.Text.Vocabulary.Udhr.Bigram,50,1000,974,26
it,Elixir.Text.Language.Classifier.RankOrder,Elixir.Text.Vocabulary.Udhr.Bigram,100,1000,997,3
it,Elixir.Text.Language.Classifier.RankOrder,Elixir.Text.Vocabulary.Udhr.Bigram,150,1000,1000,0
it,Elixir.Text.Language.Classifier.RankOrder,Elixir.Text.Vocabulary.Udhr.Bigram,300,1000,1000,0
es,Elixir.Text.Language.Classifier.RankOrder,Elixir.Text.Vocabulary.Udhr.Bigram,50,1000,892,108
es,Elixir.Text.Language.Classifier.RankOrder,Elixir.Text.Vocabulary.Udhr.Bigram,100,1000,987,13
es,Elixir.Text.Language.Classifier.RankOrder,Elixir.Text.Vocabulary.Udhr.Bigram,150,1000,999,1
es,Elixir.Text.Language.Classifier.RankOrder,Elixir.Text.Vocabulary.Udhr.Bigram,300,1000,1000,0
fi,Elixir.Text.Language.Classifier.RankOrder,Elixir.Text.Vocabulary.Udhr.Bigram,50,1000,944,56
fi,Elixir.Text.Language.Classifier.RankOrder,Elixir.Text.Vocabulary.Udhr.Bigram,100,1000,992,8
fi,Elixir.Text.Language.Classifier.RankOrder,Elixir.Text.Vocabulary.Udhr.Bigram,150,1000,1000,0
fi,Elixir.Text.Language.Classifier.RankOrder,Elixir.Text.Vocabulary.Udhr.Bigram,300,1000,1000,0
is,Elixir.Text.Language.Classifier.RankOrder,Elixir.Text.Vocabulary.Udhr.Bigram,50,1000,981,19
is,Elixir.Text.Language.Classifier.RankOrder,Elixir.Text.Vocabulary.Udhr.Bigram,100,1000,996,4
is,Elixir.Text.Language.Classifier.RankOrder,Elixir.Text.Vocabulary.Udhr.Bigram,150,1000,1000,0
is,Elixir.Text.Language.Classifier.RankOrder,Elixir.Text.Vocabulary.Udhr.Bigram,300,1000,1000,0
el-monoton,Elixir.Text.Language.Classifier.RankOrder,Elixir.Text.Vocabulary.Udhr.Bigram,50,1000,1000,0
el-monoton,Elixir.Text.Language.Classifier.RankOrder,Elixir.Text.Vocabulary.Udhr.Bigram,100,1000,1000,0
el-monoton,Elixir.Text.Language.Classifier.RankOrder,Elixir.Text.Vocabulary.Udhr.Bigram,150,1000,1000,0
el-monoton,Elixir.Text.Language.Classifier.RankOrder,Elixir.Text.Vocabulary.Udhr.Bigram,300,1000,1000,0
ru,Elixir.Text.Language.Classifier.RankOrder,Elixir.Text.Vocabulary.Udhr.Bigram,50,1000,986,14
ru,Elixir.Text.Language.Classifier.RankOrder,Elixir.Text.Vocabulary.Udhr.Bigram,100,1000,1000,0
ru,Elixir.Text.Language.Classifier.RankOrder,Elixir.Text.Vocabulary.Udhr.Bigram,150,1000,1000,0
ru,Elixir.Text.Language.Classifier.RankOrder,Elixir.Text.Vocabulary.Udhr.Bigram,300,1000,1000,0
zh-Hans,Elixir.Text.Language.Classifier.RankOrder,Elixir.Text.Vocabulary.Udhr.Bigram,50,1000,926,74
zh-Hans,Elixir.Text.Language.Classifier.RankOrder,Elixir.Text.Vocabulary.Udhr.Bigram,100,1000,1000,0
zh-Hans,Elixir.Text.Language.Classifier.RankOrder,Elixir.Text.Vocabulary.Udhr.Bigram,150,1000,1000,0
zh-Hans,Elixir.Text.Language.Classifier.RankOrder,Elixir.Text.Vocabulary.Udhr.Bigram,300,1000,1000,0
ja,Elixir.Text.Language.Classifier.RankOrder,Elixir.Text.Vocabulary.Udhr.Bigram,50,1000,1000,0
ja,Elixir.Text.Language.Classifier.RankOrder,Elixir.Text.Vocabulary.Udhr.Bigram,100,1000,1000,0
ja,Elixir.Text.Language.Classifier.RankOrder,Elixir.Text.Vocabulary.Udhr.Bigram,150,1000,1000,0
ja,Elixir.Text.Language.Classifier.RankOrder,Elixir.Text.Vocabulary.Udhr.Bigram,300,1000,1000,0
kr,Elixir.Text.Language.Classifier.RankOrder,Elixir.Text.Vocabulary.Udhr.Bigram,50,1000,1000,0
kr,Elixir.Text.Language.Classifier.RankOrder,Elixir.Text.Vocabulary.Udhr.Bigram,100,1000,1000,0
kr,Elixir.Text.Language.Classifier.RankOrder,Elixir.Text.Vocabulary.Udhr.Bigram,150,1000,1000,0
kr,Elixir.Text.Language.Classifier.RankOrder,Elixir.Text.Vocabulary.Udhr.Bigram,300,1000,1000,0
en,Elixir.Text.Language.Classifier.RankOrder,Elixir.Text.Vocabulary.Udhr.Multigram,50,1000,949,51
en,Elixir.Text.Language.Classifier.RankOrder,Elixir.Text.Vocabulary.Udhr.Multigram,100,1000,990,10
en,Elixir.Text.Language.Classifier.RankOrder,Elixir.Text.Vocabulary.Udhr.Multigram,150,1000,1000,0
en,Elixir.Text.Language.Classifier.RankOrder,Elixir.Text.Vocabulary.Udhr.Multigram,300,1000,1000,0
fr,Elixir.Text.Language.Classifier.RankOrder,Elixir.Text.Vocabulary.Udhr.Multigram,50,1000,973,27
fr,Elixir.Text.Language.Classifier.RankOrder,Elixir.Text.Vocabulary.Udhr.Multigram,100,1000,1000,0
fr,Elixir.Text.Language.Classifier.RankOrder,Elixir.Text.Vocabulary.Udhr.Multigram,150,1000,1000,0
fr,Elixir.Text.Language.Classifier.RankOrder,Elixir.Text.Vocabulary.Udhr.Multigram,300,1000,1000,0
de-1996,Elixir.Text.Language.Classifier.RankOrder,Elixir.Text.Vocabulary.Udhr.Multigram,50,1000,409,591
de-1996,Elixir.Text.Language.Classifier.RankOrder,Elixir.Text.Vocabulary.Udhr.Multigram,100,1000,493,507
de-1996,Elixir.Text.Language.Classifier.RankOrder,Elixir.Text.Vocabulary.Udhr.Multigram,150,1000,519,481
de-1996,Elixir.Text.Language.Classifier.RankOrder,Elixir.Text.Vocabulary.Udhr.Multigram,300,1000,445,555
it,Elixir.Text.Language.Classifier.RankOrder,Elixir.Text.Vocabulary.Udhr.Multigram,50,1000,848,152
it,Elixir.Text.Language.Classifier.RankOrder,Elixir.Text.Vocabulary.Udhr.Multigram,100,1000,974,26
it,Elixir.Text.Language.Classifier.RankOrder,Elixir.Text.Vocabulary.Udhr.Multigram,150,1000,996,4
it,Elixir.Text.Language.Classifier.RankOrder,Elixir.Text.Vocabulary.Udhr.Multigram,300,1000,995,5
es,Elixir.Text.Language.Classifier.RankOrder,Elixir.Text.Vocabulary.Udhr.Multigram,50,1000,761,239
es,Elixir.Text.Language.Classifier.RankOrder,Elixir.Text.Vocabulary.Udhr.Multigram,100,1000,944,56
es,Elixir.Text.Language.Classifier.RankOrder,Elixir.Text.Vocabulary.Udhr.Multigram,150,1000,983,17
es,Elixir.Text.Language.Classifier.RankOrder,Elixir.Text.Vocabulary.Udhr.Multigram,300,1000,997,3
fi,Elixir.Text.Language.Classifier.RankOrder,Elixir.Text.Vocabulary.Udhr.Multigram,50,1000,922,78
fi,Elixir.Text.Language.Classifier.RankOrder,Elixir.Text.Vocabulary.Udhr.Multigram,100,1000,985,15
fi,Elixir.Text.Language.Classifier.RankOrder,Elixir.Text.Vocabulary.Udhr.Multigram,150,1000,1000,0
fi,Elixir.Text.Language.Classifier.RankOrder,Elixir.Text.Vocabulary.Udhr.Multigram,300,1000,1000,0
is,Elixir.Text.Language.Classifier.RankOrder,Elixir.Text.Vocabulary.Udhr.Multigram,50,1000,951,49
is,Elixir.Text.Language.Classifier.RankOrder,Elixir.Text.Vocabulary.Udhr.Multigram,100,1000,999,1
is,Elixir.Text.Language.Classifier.RankOrder,Elixir.Text.Vocabulary.Udhr.Multigram,150,1000,999,1
is,Elixir.Text.Language.Classifier.RankOrder,Elixir.Text.Vocabulary.Udhr.Multigram,300,1000,1000,0
el-monoton,Elixir.Text.Language.Classifier.RankOrder,Elixir.Text.Vocabulary.Udhr.Multigram,50,1000,999,1
el-monoton,Elixir.Text.Language.Classifier.RankOrder,Elixir.Text.Vocabulary.Udhr.Multigram,100,1000,1000,0
el-monoton,Elixir.Text.Language.Classifier.RankOrder,Elixir.Text.Vocabulary.Udhr.Multigram,150,1000,1000,0
el-monoton,Elixir.Text.Language.Classifier.RankOrder,Elixir.Text.Vocabulary.Udhr.Multigram,300,1000,1000,0
ru,Elixir.Text.Language.Classifier.RankOrder,Elixir.Text.Vocabulary.Udhr.Multigram,50,1000,906,94
ru,Elixir.Text.Language.Classifier.RankOrder,Elixir.Text.Vocabulary.Udhr.Multigram,100,1000,984,16
ru,Elixir.Text.Language.Classifier.RankOrder,Elixir.Text.Vocabulary.Udhr.Multigram,150,1000,1000,0
ru,Elixir.Text.Language.Classifier.RankOrder,Elixir.Text.Vocabulary.Udhr.Multigram,300,1000,1000,0
zh-Hans,Elixir.Text.Language.Classifier.RankOrder,Elixir.Text.Vocabulary.Udhr.Multigram,50,1000,921,79
zh-Hans,Elixir.Text.Language.Classifier.RankOrder,Elixir.Text.Vocabulary.Udhr.Multigram,100,1000,990,10
zh-Hans,Elixir.Text.Language.Classifier.RankOrder,Elixir.Text.Vocabulary.Udhr.Multigram,150,1000,983,17
zh-Hans,Elixir.Text.Language.Classifier.RankOrder,Elixir.Text.Vocabulary.Udhr.Multigram,300,1000,1000,0
ja,Elixir.Text.Language.Classifier.RankOrder,Elixir.Text.Vocabulary.Udhr.Multigram,50,1000,1000,0
ja,Elixir.Text.Language.Classifier.RankOrder,Elixir.Text.Vocabulary.Udhr.Multigram,100,1000,1000,0
ja,Elixir.Text.Language.Classifier.RankOrder,Elixir.Text.Vocabulary.Udhr.Multigram,150,1000,1000,0
ja,Elixir.Text.Language.Classifier.RankOrder,Elixir.Text.Vocabulary.Udhr.Multigram,300,1000,1000,0
kr,Elixir.Text.Language.Classifier.RankOrder,Elixir.Text.Vocabulary.Udhr.Multigram,50,1000,998,2
kr,Elixir.Text.Language.Classifier.RankOrder,Elixir.Text.Vocabulary.Udhr.Multigram,100,1000,1000,0
kr,Elixir.Text.Language.Classifier.RankOrder,Elixir.Text.Vocabulary.Udhr.Multigram,150,1000,1000,0
kr,Elixir.Text.Language.Classifier.RankOrder,Elixir.Text.Vocabulary.Udhr.Multigram,300,1000,1000,0